{
  "comment": "Do not edit this file, use utils/roll_browser.js",
  "browsers": [
    {
      "name": "chromium",
      "revision": "1129",
      "installByDefault": true,
      "browserVersion": "128.0.6613.18"
    },
    {
      "name": "chromium-tip-of-tree",
      "revision": "1244",
      "installByDefault": false,
      "browserVersion": "129.0.6616.0"
    },
    {
      "name": "firefox",
      "revision": "1458",
      "installByDefault": true,
      "browserVersion": "128.0"
    },
    {
      "name": "firefox-beta",
      "revision": "1458",
      "installByDefault": false,
      "browserVersion": "129.0b2"
    },
    {
      "name": "webkit",
      "revision": "2051",
      "installByDefault": true,
      "revisionOverrides": {
        "mac10.14": "1446",
        "mac10.15": "1616",
        "mac11": "1816",
        "mac11-arm64": "1816",
        "mac12": "2009",
        "mac12-arm64": "2009"
      },
      "browserVersion": "18.0"
    },
    {
      "name": "ffmpeg",
      "revision": "1009",
      "installByDefault": true
    },
    {
      "name": "android",
      "revision": "1001",
      "installByDefault": false
    }
  ]
}
